City_ID,City,Lat,Lng,Max Temp,Humidity,Cloudiness,Wind Speed,Country,Date
0,Isangel,-19.55,169.2667,80.83,70,5,11.77,VU,2022-05-06 00:13:00
1,New Norfolk,-42.7826,147.0587,53.1,89,94,1.99,AU,2022-05-06 00:13:00
2,Natal,-5.795,-35.2094,77.65,100,75,4.61,BR,2022-05-06 00:13:01
3,Beringovskiy,63.05,179.3167,28.9,73,19,1.59,RU,2022-05-06 00:13:01
4,Nhulunbuy,-12.2333,136.7667,82.04,74,99,15.73,AU,2022-05-06 00:13:02
5,San Vicente,-26.6167,-54.1333,53.11,97,0,3.06,AR,2022-05-06 00:13:03
6,Sao Filipe,14.8961,-24.4956,72.21,82,24,4.72,CV,2022-05-06 00:13:03
7,Bredasdorp,-34.5322,20.0403,56.82,94,11,4.63,ZA,2022-05-06 00:13:04
8,Punta Arenas,-53.15,-70.9167,42.91,70,75,34.52,CL,2022-05-06 00:12:34
9,Sahuaripa,29.05,-109.2333,95.95,9,0,8.68,MX,2022-05-06 00:13:04
10,Kenai,60.5544,-151.2583,57.02,72,100,11.5,US,2022-05-06 00:13:05
11,Dudinka,69.4058,86.1778,15.62,91,100,18.72,RU,2022-05-06 00:13:06
12,Port Lincoln,-34.7333,135.8667,58.23,52,96,9.8,AU,2022-05-06 00:11:59
13,Vaini,-21.2,-175.2,80.76,78,75,9.22,TO,2022-05-06 00:13:06
14,Bluff,-46.6,168.3333,57.96,76,83,6.82,NZ,2022-05-06 00:13:07
15,Albany,42.6001,-73.9662,63.01,52,100,4.07,US,2022-05-06 00:13:08
16,Norman Wells,65.282,-126.8329,39.04,68,100,10.38,CA,2022-05-06 00:13:08
17,Kapaa,22.0752,-159.319,82.38,78,100,13.8,US,2022-05-06 00:13:09
18,Alta Floresta,-9.8756,-56.0861,72.79,90,81,1.77,BR,2022-05-06 00:13:10
19,Rikitea,-23.1203,-134.9692,78.06,83,43,16.17,PF,2022-05-06 00:13:10
20,Nenjiang,49.1833,125.2167,43.5,73,100,12.95,CN,2022-05-06 00:13:11
21,Chokurdakh,70.6333,147.9167,26.31,92,100,8.68,RU,2022-05-06 00:13:11
22,Mataura,-46.1927,168.8643,62.2,62,62,2.21,NZ,2022-05-06 00:13:12
23,Lasa,46.6166,10.7002,47.35,94,100,2.3,IT,2022-05-06 00:13:12
24,Westport,41.1415,-73.3579,64.69,50,0,6.91,US,2022-05-06 00:13:13
25,Clyde River,70.4692,-68.5914,16.52,90,83,2.21,CA,2022-05-06 00:13:13
26,Yellowknife,62.456,-114.3525,53.56,50,40,10.0,CA,2022-05-06 00:09:02
27,Hilo,19.7297,-155.09,85.28,86,100,4.61,US,2022-05-06 00:13:14
28,Iqaluit,63.7506,-68.5145,12.31,86,8,10.31,CA,2022-05-06 00:13:15
29,Cape Town,-33.9258,18.4232,59.11,89,20,1.95,ZA,2022-05-06 00:12:13
30,Tuktoyaktuk,69.4541,-133.0374,31.75,94,100,12.97,CA,2022-05-06 00:13:15
31,Puerto Ayora,-0.7393,-90.3518,73.72,92,100,8.19,EC,2022-05-06 00:13:16
32,Barrow,71.2906,-156.7887,17.62,79,100,16.11,US,2022-05-06 00:10:01
33,Victoria,22.2855,114.1577,78.85,79,23,10.0,HK,2022-05-06 00:11:52
34,Luderitz,-26.6481,15.1594,62.24,63,0,4.9,NA,2022-05-06 00:13:16
35,Khatanga,71.9667,102.5,19.6,87,43,14.61,RU,2022-05-06 00:13:17
36,Camacha,33.0833,-16.3333,60.22,77,40,10.36,PT,2022-05-06 00:13:17
37,Nurpur,29.15,78.4167,78.8,37,0,3.47,IN,2022-05-06 00:13:18
38,Busselton,-33.65,115.3333,54.77,64,0,12.03,AU,2022-05-06 00:13:18
39,Port Hardy,50.6996,-127.4199,45.09,85,100,9.75,CA,2022-05-06 00:13:19
40,Cockburn Town,21.4612,-71.1419,77.97,79,58,19.33,TC,2022-05-06 00:13:19
41,Saint-Philippe,-21.3585,55.7679,74.79,86,69,15.5,RE,2022-05-06 00:13:20
42,Talnakh,69.4865,88.3972,15.21,91,99,11.77,RU,2022-05-06 00:13:21
43,Esperance,-33.8667,121.9,57.72,69,34,8.81,AU,2022-05-06 00:13:21
44,Boquira,-12.8231,-42.7306,77.85,50,70,2.33,BR,2022-05-06 00:13:22
45,Bosaso,11.2842,49.1816,85.35,53,9,4.97,SO,2022-05-06 00:14:23
46,Clifton,40.8584,-74.1638,68.65,52,0,8.05,US,2022-05-06 00:10:53
47,Bengkulu,-3.8004,102.2655,76.17,86,96,2.75,ID,2022-05-06 00:14:23
48,Pevek,69.7008,170.3133,28.4,90,98,6.24,RU,2022-05-06 00:14:24
49,Alofi,-19.0595,-169.9187,78.8,69,21,6.26,NU,2022-05-06 00:14:24
50,Payo,-3.7508,103.6372,74.16,96,57,1.43,ID,2022-05-06 00:14:25
51,East London,-33.0153,27.9116,70.66,40,0,5.32,ZA,2022-05-06 00:14:26
52,Kloulklubed,7.0419,134.2556,79.3,80,98,16.98,PW,2022-05-06 00:14:27
53,Ribeira Grande,38.5167,-28.7,63.54,86,99,27.65,PT,2022-05-06 00:14:27
54,Thompson,55.7435,-97.8558,39.36,87,100,4.61,CA,2022-05-06 00:14:28
55,Tiksi,71.6872,128.8694,16.83,88,45,4.97,RU,2022-05-06 00:14:28
56,Nome,64.5011,-165.4064,39.16,80,0,8.05,US,2022-05-06 00:13:39
57,Kalevala,65.2,31.1667,38.05,97,100,8.59,RU,2022-05-06 00:14:29
58,Mahebourg,-20.4081,57.7,75.25,80,47,21.79,MU,2022-05-06 00:14:29
59,Tura,25.5198,90.2201,69.46,89,4,3.04,IN,2022-05-06 00:14:29
60,Los Llanos De Aridane,28.6585,-17.9182,62.35,84,75,12.66,ES,2022-05-06 00:14:30
61,Ust-Nera,64.5667,143.2,31.62,87,99,6.89,RU,2022-05-06 00:14:30
62,Mercedes,-34.6515,-59.4307,57.04,68,40,8.05,AR,2022-05-06 00:13:21
63,Saldanha,-33.0117,17.9442,58.33,95,42,5.99,ZA,2022-05-06 00:14:31
64,Coquimbo,-29.9533,-71.3436,57.81,86,89,4.68,CL,2022-05-06 00:13:16
65,Zyryanka,65.75,150.85,32.81,98,100,4.23,RU,2022-05-06 00:14:32
66,Qui Nhon,13.7667,109.2333,77.45,87,100,5.48,VN,2022-05-06 00:12:21
67,Tuatapere,-46.1333,167.6833,62.46,67,62,3.27,NZ,2022-05-06 00:14:32
68,Ushuaia,-54.8,-68.3,46.06,66,40,4.61,AR,2022-05-06 00:14:33
69,Cidreira,-30.1811,-50.2056,63.28,69,36,5.73,BR,2022-05-06 00:14:33
70,Dalvik,65.9702,-18.5286,32.56,98,99,16.58,IS,2022-05-06 00:14:34
71,College,64.8569,-147.8028,53.92,67,75,10.36,US,2022-05-06 00:14:34
72,Bambanglipuro,-7.95,110.2833,78.4,86,27,3.11,ID,2022-05-06 00:14:35
73,Kodiak,57.79,-152.4072,44.11,81,100,11.5,US,2022-05-06 00:14:35
74,Villazon,-22.0866,-65.5942,52.21,21,2,7.34,BO,2022-05-06 00:14:36
75,Port Alfred,-33.5906,26.891,70.88,45,0,6.73,ZA,2022-05-06 00:14:36
76,Dikson,73.5069,80.5464,16.72,92,100,23.51,RU,2022-05-06 00:14:37
77,Jamestown,42.097,-79.2353,58.64,58,0,8.05,US,2022-05-06 00:14:37
78,Dryden,49.7833,-92.7503,54.32,80,24,5.91,CA,2022-05-06 00:10:45
79,Lavrentiya,65.5833,-171.0,25.48,72,11,1.07,RU,2022-05-06 00:14:38
80,Sur,22.5667,59.5289,79.97,59,0,4.56,OM,2022-05-06 00:09:52
81,Alihe,50.5667,123.7167,45.52,42,100,9.01,CN,2022-05-06 00:14:38
82,Saskylakh,71.9167,114.0833,25.84,90,100,14.65,RU,2022-05-06 00:12:24
83,Cheney,47.4874,-117.5758,51.94,90,75,12.66,US,2022-05-06 00:10:07
84,Fantino,19.1215,-70.2997,78.31,94,61,1.48,DO,2022-05-06 00:14:43
85,Hermanus,-34.4187,19.2345,59.36,94,8,8.23,ZA,2022-05-06 00:14:43
86,Fort Nelson,58.8053,-122.7002,52.54,47,92,4.43,CA,2022-05-06 00:09:59
87,Boundiali,9.5217,-6.4869,76.42,66,96,4.41,CI,2022-05-06 00:14:44
88,Banda Aceh,5.5577,95.3222,78.8,86,99,13.42,ID,2022-05-06 00:14:44
89,Krasnoselkup,65.7,82.4667,16.38,86,13,4.45,RU,2022-05-06 00:15:45
90,Pochutla,15.7432,-96.4661,84.02,48,14,6.04,MX,2022-05-06 00:15:45
91,Lorengau,-2.0226,147.2712,83.17,81,71,5.93,PG,2022-05-06 00:15:45
92,Port Elizabeth,-33.918,25.5701,65.32,76,1,7.0,ZA,2022-05-06 00:13:20
93,Emerald,-23.5333,148.1667,70.34,77,22,12.53,AU,2022-05-06 00:12:40
94,Qaanaaq,77.484,-69.3632,13.8,80,5,6.4,GL,2022-05-06 00:15:46
95,Fairbanks,64.8378,-147.7164,53.94,66,75,10.36,US,2022-05-06 00:12:02
96,Stepnogorsk,52.3544,71.8869,49.3,66,48,10.49,KZ,2022-05-06 00:15:47
97,Aripuana,-9.1667,-60.6333,76.53,81,100,0.83,BR,2022-05-06 00:15:47
98,Padang,-0.9492,100.3543,77.05,87,100,3.62,ID,2022-05-06 00:15:48
99,Desna,50.9273,30.7605,40.32,72,51,6.71,UA,2022-05-06 00:15:48
100,Airai,-8.9266,125.4092,67.96,75,39,3.18,TL,2022-05-06 00:15:48
101,Butaritari,3.0707,172.7902,81.54,71,54,20.22,KI,2022-05-06 00:15:49
102,Geraldton,-28.7667,114.6,61.21,41,0,16.11,AU,2022-05-06 00:15:49
103,Ahuimanu,21.4447,-157.8378,83.91,71,75,17.27,US,2022-05-06 00:15:50
104,Krasnogorskiy,54.6025,61.231,39.0,67,60,21.65,RU,2022-05-06 00:15:50
105,Mar Del Plata,-38.0023,-57.5575,60.87,74,0,10.36,AR,2022-05-06 00:15:16
106,Mayumba,-3.432,10.6554,78.19,93,95,5.64,GA,2022-05-06 00:15:51
107,Berlevag,70.8578,29.0864,35.4,92,100,14.56,NO,2022-05-06 00:15:51
108,Bay Roberts,47.5999,-53.2648,42.51,91,100,3.0,CA,2022-05-06 00:15:51
109,Khao Yoi,13.2403,99.8243,82.98,71,97,2.62,TH,2022-05-06 00:15:52
110,Lobatse,-25.2167,25.6667,57.13,49,1,2.93,BW,2022-05-06 00:15:52
111,Rexburg,43.826,-111.7897,67.51,32,0,17.27,US,2022-05-06 00:15:53
112,San Carlos De Bariloche,-41.1456,-71.3082,47.95,76,40,12.66,AR,2022-05-06 00:15:53
113,Vardo,70.3705,31.1107,34.12,97,93,17.29,NO,2022-05-06 00:15:54
114,Faanui,-16.4833,-151.75,81.45,70,89,6.13,PF,2022-05-06 00:15:54
115,Lompoc,34.6391,-120.4579,75.34,70,0,21.0,US,2022-05-06 00:11:33
116,Saint George,37.1041,-113.5841,86.63,12,0,12.66,US,2022-05-06 00:11:52
117,Dauphin,51.1494,-100.0502,68.14,42,0,11.5,CA,2022-05-06 00:15:55
118,Atuona,-9.8,-139.0333,79.2,77,100,15.08,PF,2022-05-06 00:15:56
119,Longyearbyen,78.2186,15.6401,21.04,86,75,0.0,SJ,2022-05-06 00:15:56
120,Hofn,64.2539,-15.2082,41.58,67,73,10.36,IS,2022-05-06 00:15:57
121,Avarua,-21.2078,-159.775,82.45,74,40,6.91,CK,2022-05-06 00:15:58
122,Andra,62.5147,65.8878,28.89,95,100,7.16,RU,2022-05-06 00:12:19
123,Ornskoldsvik,63.2909,18.7153,40.15,75,69,10.36,SE,2022-05-06 00:15:58
124,Hithadhoo,-0.6,73.0833,84.34,73,100,16.78,MV,2022-05-06 00:15:59
125,Richards Bay,-28.783,32.0377,64.74,94,1,7.05,ZA,2022-05-06 00:15:59
126,Torbay,47.6666,-52.7314,41.76,95,100,8.05,CA,2022-05-06 00:16:00
127,Opuwo,-18.0607,13.84,62.78,40,0,7.83,NA,2022-05-06 00:16:00
128,Dengfeng,34.4553,113.0281,73.15,55,1,3.58,CN,2022-05-06 00:16:00
129,Namibe,-15.1961,12.1522,78.71,51,2,2.24,AO,2022-05-06 00:16:01
130,Bethel,41.3712,-73.414,63.45,65,100,3.09,US,2022-05-06 00:15:08
131,Fortuna,40.5982,-124.1573,61.14,86,75,16.11,US,2022-05-06 00:16:01
132,Nikolskoye,59.7035,30.7861,46.29,66,87,7.54,RU,2022-05-06 00:16:02
133,Samarai,-10.6167,150.6667,84.15,73,73,10.25,PG,2022-05-06 00:16:02
134,Salinopolis,-0.6136,-47.3561,78.49,86,97,6.2,BR,2022-05-06 00:16:03
135,Meulaboh,4.1363,96.1285,76.28,94,100,7.2,ID,2022-05-06 00:17:03
136,Dingle,10.9995,122.6711,84.0,73,75,10.65,PH,2022-05-06 00:17:04
137,Lebu,-37.6167,-73.65,53.08,85,23,5.26,CL,2022-05-06 00:17:05
138,Bonavista,48.6499,-53.1147,39.6,97,100,13.15,CA,2022-05-06 00:17:05
139,Paamiut,61.994,-49.6678,31.86,74,100,8.81,GL,2022-05-06 00:17:05
140,Lagoa,39.05,-27.9833,62.08,86,100,28.74,PT,2022-05-06 00:17:06
141,Barcelona,41.3888,2.159,61.77,78,20,3.44,ES,2022-05-06 00:17:06
142,Georgetown,5.4112,100.3354,82.33,83,20,3.44,MY,2022-05-06 00:15:18
143,Santa Isabel Do Rio Negro,-0.4139,-65.0192,74.44,95,50,1.66,BR,2022-05-06 00:17:07
144,Harer,9.3094,42.1258,59.43,78,13,2.51,ET,2022-05-06 00:17:07
145,Sao Joao Dos Patos,-6.495,-43.7022,75.04,74,20,3.11,BR,2022-05-06 00:17:08
146,Haines Junction,60.7522,-137.5108,48.15,34,100,12.66,CA,2022-05-06 00:17:08
147,Aklavik,68.2191,-135.0107,30.47,82,100,14.65,CA,2022-05-06 00:17:09
148,Luz,-19.8014,-45.6856,63.43,83,17,1.97,BR,2022-05-06 00:17:09
149,Sao Joao Da Barra,-21.6403,-41.0511,73.87,89,72,8.63,BR,2022-05-06 00:17:10
150,Viedma,-40.8135,-62.9967,57.43,64,71,2.82,AR,2022-05-06 00:17:10
151,Karratha,-20.7377,116.8463,74.73,38,0,21.16,AU,2022-05-06 00:17:11
152,Souillac,-20.5167,57.5167,75.36,82,76,20.56,MU,2022-05-06 00:17:11
153,Tilichiki,60.4667,166.1,31.06,86,91,12.66,RU,2022-05-06 00:17:12
154,Waipawa,-41.4122,175.5153,62.47,68,5,1.36,NZ,2022-05-06 00:17:12
155,Portland,45.5234,-122.6762,58.98,89,75,8.99,US,2022-05-06 00:15:43
156,Vilyuysk,63.7553,121.6247,32.52,91,100,2.86,RU,2022-05-06 00:17:13
157,Ponta Do Sol,32.6667,-17.1,63.72,72,67,4.12,PT,2022-05-06 00:17:13
158,Nyuksenitsa,60.4128,44.2397,28.92,91,66,4.72,RU,2022-05-06 00:17:14
159,Ajdabiya,30.7554,20.2263,71.01,29,0,14.38,LY,2022-05-06 00:17:14
160,Arraial Do Cabo,-22.9661,-42.0278,74.44,81,20,21.3,BR,2022-05-06 00:17:15
161,Anse-Bertrand,16.4721,-61.5078,78.94,100,49,15.41,GP,2022-05-06 00:17:15
162,Salalah,17.0151,54.0924,84.29,79,75,3.44,OM,2022-05-06 00:17:16
163,Acarau,-2.8856,-40.12,76.89,87,44,10.6,BR,2022-05-06 00:17:16
164,Ketchikan,55.3422,-131.6461,48.67,71,75,9.22,US,2022-05-06 00:17:17
165,Yabassi,4.457,9.9682,74.14,97,100,7.2,CM,2022-05-06 00:17:17
166,Kaitangata,-46.2817,169.8464,61.5,64,94,2.62,NZ,2022-05-06 00:17:18
167,Hatillo,18.4863,-66.8254,81.09,83,60,8.99,PR,2022-05-06 00:17:18
168,Alyangula,-13.8483,136.4192,82.74,61,77,19.75,AU,2022-05-06 00:17:19
169,Southbridge,42.0751,-72.0334,62.71,50,100,3.78,US,2022-05-06 00:17:19
170,Aykhal,66.0,111.5,33.44,85,100,16.46,RU,2022-05-06 00:17:19
171,Sidi Ali,36.0998,0.4206,55.83,89,1,6.31,DZ,2022-05-06 00:17:20
172,Phangnga,8.4509,98.5298,78.84,93,100,3.22,TH,2022-05-06 00:17:20
173,Rocha,-34.4833,-54.3333,54.77,84,100,4.9,UY,2022-05-06 00:17:21
174,Ugoofaaru,5.6667,73.0,83.8,73,100,10.51,MV,2022-05-06 00:17:21
175,Ambon,-3.6954,128.1814,84.34,79,20,3.44,ID,2022-05-06 00:17:22
176,Teya,60.3778,92.6267,39.09,78,98,2.48,RU,2022-05-06 00:17:22
177,Metro,-5.1131,105.3067,77.16,90,71,3.47,ID,2022-05-06 00:17:23
178,Yaan,7.3833,8.5667,76.42,84,100,1.54,NG,2022-05-06 00:17:23
179,Jiazi,22.8779,116.067,73.27,78,12,10.16,CN,2022-05-06 00:18:24
180,Rehoboth,-23.3167,17.0833,56.37,35,0,4.27,NA,2022-05-06 00:18:24
181,Beloha,-25.1667,45.05,69.01,77,2,10.29,MG,2022-05-06 00:18:25
182,Gravdal,68.1214,13.5031,40.19,77,100,28.1,NO,2022-05-06 00:18:25
183,Skibbereen,51.55,-9.2667,55.11,97,97,10.27,IE,2022-05-06 00:18:26
184,Kahului,20.8947,-156.47,82.42,71,40,23.02,US,2022-05-06 00:13:57
185,Platonovka,52.7106,41.952,36.12,66,4,5.7,RU,2022-05-06 00:18:26
186,Jaru,-10.4389,-62.4664,72.37,91,14,3.22,BR,2022-05-06 00:18:27
187,Shadegan,30.6497,48.6647,82.35,25,19,15.12,IR,2022-05-06 00:18:27
188,Rajmahal,25.05,87.8333,80.31,73,38,3.13,IN,2022-05-06 00:18:28
189,Narsaq,60.9167,-46.05,35.82,93,100,12.3,GL,2022-05-06 00:18:28
190,Shieli,44.1667,66.75,69.91,46,46,5.82,KZ,2022-05-06 00:18:29
191,Gambo,4.6482,22.2633,70.23,94,89,2.35,CF,2022-05-06 00:18:29
192,Ken Caryl,39.5773,-105.1169,70.88,24,9,10.0,US,2022-05-06 00:18:30
193,Whyalla,-33.0333,137.5833,53.49,71,40,3.44,AU,2022-05-06 00:18:30
194,Hobyo,5.3505,48.5268,82.76,79,4,19.98,SO,2022-05-06 00:18:30
195,Vila Franca Do Campo,37.7167,-25.4333,67.19,79,100,12.5,PT,2022-05-06 00:18:31
196,Doka,13.5167,35.7667,87.24,35,82,10.51,SD,2022-05-06 00:18:31
197,Dzilam Gonzalez,21.2833,-88.9333,88.79,51,77,7.67,MX,2022-05-06 00:18:32
198,Shache,38.4167,77.2406,67.84,29,99,6.42,CN,2022-05-06 00:18:32
199,Chuy,-33.6971,-53.4616,56.01,79,95,4.7,UY,2022-05-06 00:18:34
200,Newcastleton,55.1796,-2.8127,54.03,93,80,7.47,GB,2022-05-06 00:18:34
201,Laguna,38.421,-121.4238,74.44,38,100,14.97,US,2022-05-06 00:18:35
202,Kyren,51.6828,102.1408,41.02,50,98,1.66,RU,2022-05-06 00:18:35
203,Ostrovnoy,68.0531,39.5131,21.4,83,21,15.64,RU,2022-05-06 00:18:36
204,Porbandar,21.6422,69.6093,80.46,74,0,8.93,IN,2022-05-06 00:18:36
205,Itaituba,-4.2761,-55.9836,75.09,97,27,1.48,BR,2022-05-06 00:18:36
206,Tonj,7.2737,28.6822,80.46,60,76,1.99,SS,2022-05-06 00:18:37
207,Hobart,-42.8794,147.3294,53.46,95,75,10.36,AU,2022-05-06 00:18:37
208,Sao Luiz Gonzaga,-28.4083,-54.9608,57.9,88,6,6.49,BR,2022-05-06 00:18:38
209,Baculin,7.4525,126.5842,83.44,74,95,6.22,PH,2022-05-06 00:18:38
210,Naze,28.3667,129.4833,68.92,93,100,4.29,JP,2022-05-06 00:17:40
211,Castro,-24.7911,-50.0119,58.95,87,90,3.18,BR,2022-05-06 00:18:39
212,Husavik,66.0449,-17.3389,33.26,99,96,21.3,IS,2022-05-06 00:18:39
213,Dakar,14.6937,-17.4441,72.48,94,0,9.22,SN,2022-05-06 00:18:40
214,Ilam,26.9167,87.9167,65.66,84,92,2.26,NP,2022-05-06 00:18:40
215,Sinnamary,5.3833,-52.95,78.01,89,90,8.7,GF,2022-05-06 00:18:41
216,Adrar,20.5022,-10.0711,80.6,18,63,11.21,MR,2022-05-06 00:18:41
217,San Quintin,30.4833,-115.95,65.93,73,1,14.27,MX,2022-05-06 00:18:41
218,Broome,42.2506,-75.833,57.58,50,0,6.91,US,2022-05-06 00:18:42
219,Zakamensk,50.3741,103.2863,36.3,42,100,3.6,RU,2022-05-06 00:18:42
220,Tasiilaq,65.6145,-37.6368,24.96,73,35,5.32,GL,2022-05-06 00:18:43
221,Mujiayingzi,42.1167,118.7833,50.27,18,52,16.82,CN,2022-05-06 00:18:43
222,Flinders,-34.5833,150.8552,63.37,53,0,8.01,AU,2022-05-06 00:18:44
223,Bambous Virieux,-20.3428,57.7575,75.22,80,46,21.52,MU,2022-05-06 00:18:44
224,Itapirapua,-15.8233,-50.6133,74.03,63,13,4.03,BR,2022-05-06 00:18:45
225,Ancud,-41.8697,-73.8203,53.76,91,88,10.45,CL,2022-05-06 00:19:45
226,Port Hedland,-20.3167,118.5667,75.25,38,0,14.97,AU,2022-05-06 00:19:46
227,Hasaki,35.7333,140.8333,73.29,71,100,9.89,JP,2022-05-06 00:19:46
228,Yeppoon,-23.1333,150.7333,78.58,77,11,7.63,AU,2022-05-06 00:19:46
229,Udalguri,26.7667,92.1333,73.99,72,5,4.36,IN,2022-05-06 00:19:47
230,Qax,41.4225,46.9242,47.39,89,68,3.69,AZ,2022-05-06 00:19:48
231,Deogarh,21.5333,84.7333,76.44,78,11,3.89,IN,2022-05-06 00:19:48
232,Nalut,30.3333,10.85,71.28,20,18,11.74,LY,2022-05-06 00:19:48
233,Asau,46.4333,26.4,40.28,86,20,2.17,RO,2022-05-06 00:19:49
234,Sitka,57.0531,-135.33,42.69,75,100,0.0,US,2022-05-06 00:19:49
235,Sept-Iles,50.2001,-66.3821,39.72,48,75,6.91,CA,2022-05-06 00:19:50
236,Pustoshka,56.3355,29.369,38.32,75,86,5.5,RU,2022-05-06 00:19:50
237,Havoysund,70.9963,24.6622,37.63,82,100,16.46,NO,2022-05-06 00:19:52
238,Petauke,-14.2426,31.3253,58.57,80,10,4.38,ZM,2022-05-06 00:19:52
239,Guerrero Negro,27.9769,-114.0611,66.43,70,5,18.52,MX,2022-05-06 00:19:52
240,Abu Samrah,35.3029,37.1841,54.28,83,20,9.13,SY,2022-05-06 00:19:53
241,Marsa Matruh,31.3525,27.2453,62.38,72,0,11.54,EG,2022-05-06 00:19:53
242,Cap Malheureux,-19.9842,57.6142,75.47,85,14,11.99,MU,2022-05-06 00:19:54
243,Ballina,-28.8667,153.5667,71.78,99,96,3.85,AU,2022-05-06 00:19:54
244,Bathsheba,13.2167,-59.5167,79.41,83,40,14.97,BB,2022-05-06 00:19:55
245,Okato,-39.2,173.8833,61.68,66,2,3.76,NZ,2022-05-06 00:19:55
246,Quatre Cocos,-20.2078,57.7625,75.09,81,47,21.0,MU,2022-05-06 00:19:56
247,Sarab,38.6066,44.9883,52.81,82,7,3.71,IR,2022-05-06 00:19:56
248,Cayenne,4.9333,-52.3333,79.09,1,0,0.0,GF,2022-05-06 00:19:57
249,Aksha,50.2814,113.2867,38.68,28,12,12.1,RU,2022-05-06 00:19:57
250,Kramat,-8.1311,113.4499,77.99,89,22,1.21,ID,2022-05-06 00:19:58
251,Nadvoitsy,63.8667,34.3167,36.64,96,100,9.62,RU,2022-05-06 00:19:58
252,Pacific Grove,36.6177,-121.9166,72.01,66,0,10.36,US,2022-05-06 00:19:59
253,Balagansk,54.0103,103.0544,39.78,42,100,13.56,RU,2022-05-06 00:19:59
254,Jiaozhou,36.2839,120.0033,67.96,61,42,9.44,CN,2022-05-06 00:19:59
255,Sibu,2.3,111.8167,79.11,94,20,2.3,MY,2022-05-06 00:20:00
256,Kirakira,-10.4544,161.9205,85.87,70,8,5.97,SB,2022-05-06 00:20:01
257,Naron,43.5167,-8.1528,57.6,91,7,7.87,ES,2022-05-06 00:20:01
258,Sinop,41.7711,34.8709,45.68,86,96,5.93,TR,2022-05-06 00:20:02
259,Carnarvon,-24.8667,113.6333,66.27,42,40,9.22,AU,2022-05-06 00:20:02
260,Tra Vinh,9.9347,106.3453,80.08,87,98,8.43,VN,2022-05-06 00:20:03
261,Namatanai,-3.6667,152.4333,85.37,70,72,9.22,PG,2022-05-06 00:20:00
262,Jasper,37.2001,-94.3502,66.24,88,100,0.0,US,2022-05-06 00:15:09
263,Wichita Falls,33.9137,-98.4934,75.34,47,0,16.11,US,2022-05-06 00:20:03
264,Ulladulla,-35.35,150.4667,56.77,47,0,10.96,AU,2022-05-06 00:20:04
265,Chateaubelair,13.2833,-61.25,78.12,79,95,12.5,VC,2022-05-06 00:20:04
266,Upernavik,72.7868,-56.1549,5.56,91,40,5.03,GL,2022-05-06 00:17:34
267,Urubicha,-15.3833,-62.95,67.55,45,1,1.25,BO,2022-05-06 00:21:05
268,Yambio,4.5721,28.3955,68.49,87,91,2.48,SS,2022-05-06 00:21:05
269,Cabo San Lucas,22.8909,-109.9124,81.61,61,0,10.36,MX,2022-05-06 00:19:17
270,Katsuura,35.1333,140.3,67.32,68,100,8.21,JP,2022-05-06 00:21:06
271,Pangnirtung,66.1451,-65.7125,12.56,95,41,2.8,CA,2022-05-06 00:21:06
272,Shepsi,44.0361,39.1489,52.29,85,100,4.9,RU,2022-05-06 00:21:07
273,Yerbogachen,61.2767,108.0108,38.97,76,98,9.37,RU,2022-05-06 00:21:08
274,Birao,10.2849,22.7882,79.93,65,77,4.88,CF,2022-05-06 00:21:08
275,Kununurra,-15.7667,128.7333,80.58,32,6,16.11,AU,2022-05-06 00:19:42
276,Pyu,18.4833,96.4333,78.96,73,5,4.0,MM,2022-05-06 00:21:09
277,Freeport,40.6576,-73.5832,66.18,65,0,13.8,US,2022-05-06 00:21:09
278,Akyab,20.15,92.9,78.98,78,0,5.03,MM,2022-05-06 00:21:10
279,Vila Velha,-20.3297,-40.2925,76.95,94,100,0.0,BR,2022-05-06 00:21:10
280,Kieta,-6.2167,155.6333,84.87,74,85,6.55,PG,2022-05-06 00:21:11
281,Tezu,27.9167,96.1667,72.21,75,4,3.15,IN,2022-05-06 00:21:11
282,Severo-Kurilsk,50.6789,156.125,36.66,82,28,5.91,RU,2022-05-06 00:20:38
283,Yokadouma,3.5167,15.05,70.05,98,100,2.13,CM,2022-05-06 00:21:12
284,Curillo,1.0333,-75.9191,70.54,99,100,1.7,CO,2022-05-06 00:21:12
285,Simga,21.6333,81.7,80.73,45,0,6.15,IN,2022-05-06 00:21:13
286,Campo Maior,-4.8278,-42.1686,75.04,88,62,3.98,BR,2022-05-06 00:21:13
287,Cherskiy,68.75,161.3,34.61,100,92,6.71,RU,2022-05-06 00:21:14
288,Gamba,-2.65,10.0,77.92,94,92,5.77,GA,2022-05-06 00:21:14
289,Erzin,36.9559,36.2,53.35,89,41,2.48,TR,2022-05-06 00:21:14
290,Ronneby,56.21,15.276,43.3,100,5,3.44,SE,2022-05-06 00:21:15
291,Avera,33.194,-82.5271,81.91,53,41,4.72,US,2022-05-06 00:21:15
292,Umm Kaddadah,13.6017,26.6876,83.34,17,48,12.28,SD,2022-05-06 00:17:30
293,Port-Gentil,-0.7193,8.7815,80.87,82,100,5.86,GA,2022-05-06 00:21:16
294,Krasnokamensk,50.0979,118.0369,40.05,25,11,17.92,RU,2022-05-06 00:21:17
295,San Patricio,28.017,-97.5169,87.19,68,75,13.22,US,2022-05-06 00:21:17
296,Sao Jose Da Coroa Grande,-8.8978,-35.1478,78.57,83,100,9.6,BR,2022-05-06 00:21:17
297,Altamont,42.2068,-121.7372,53.44,71,100,6.91,US,2022-05-06 00:21:18
298,Mayo,38.8876,-76.5119,65.21,82,100,3.44,US,2022-05-06 00:21:18
299,Lima,-12.0432,-77.0282,64.65,43,0,12.66,PE,2022-05-06 00:17:16
300,Ihosy,-22.4,46.1167,64.06,94,83,5.73,MG,2022-05-06 00:21:19
301,Aksu,41.1231,80.2644,70.32,30,95,6.24,CN,2022-05-06 00:21:20
302,Ghanzi,-21.5667,21.7833,59.34,37,0,4.63,BW,2022-05-06 00:21:20
303,Zhigansk,66.7697,123.3711,23.76,87,29,5.55,RU,2022-05-06 00:21:21
304,Gangarampur,25.4,88.5167,76.96,81,26,5.1,IN,2022-05-06 00:21:21
305,Aberdeen,57.1437,-2.0981,54.66,91,90,3.44,GB,2022-05-06 00:18:56
306,Kvitok,56.0724,98.4813,43.21,47,100,10.09,RU,2022-05-06 00:21:22
307,Jacareacanga,-6.2222,-57.7528,73.85,99,43,1.77,BR,2022-05-06 00:21:22
308,Deputatskiy,69.3,139.9,24.75,93,100,2.75,RU,2022-05-06 00:21:23
309,Otavalo,0.2333,-78.2667,55.62,92,100,3.47,EC,2022-05-06 00:18:58
310,Abha,18.2164,42.5053,64.65,39,20,4.61,SA,2022-05-06 00:21:23
311,Saint-Joseph,-21.3667,55.6167,73.78,82,40,15.28,RE,2022-05-06 00:21:24
312,Namie,37.4833,141.0,75.72,65,1,8.25,JP,2022-05-06 00:21:24
313,Tanout,14.9709,8.8879,88.0,13,78,9.22,NE,2022-05-06 00:21:25
314,Margate,51.3813,1.3862,53.69,78,85,1.99,GB,2022-05-06 00:21:26
315,Arlit,18.7369,7.3853,91.24,11,60,9.22,NE,2022-05-06 00:19:17
316,Nanortalik,60.1432,-45.2371,34.14,91,100,14.74,GL,2022-05-06 00:22:26
317,Kavieng,-2.5744,150.7967,84.85,74,78,14.09,PG,2022-05-06 00:22:27
318,Dedougou,12.4667,-3.4667,94.55,30,100,6.55,BF,2022-05-06 00:22:27
319,Jardim,-21.4803,-56.1381,61.97,83,24,4.59,BR,2022-05-06 00:19:38
320,Komsomolsk,49.0097,33.6455,43.05,71,0,5.82,UA,2022-05-06 00:22:28
321,Sisimiut,66.9395,-53.6735,23.2,70,1,7.61,GL,2022-05-06 00:22:28
322,Provideniya,64.3833,-173.3,33.91,75,40,4.47,RU,2022-05-06 00:19:03
323,Atbasar,51.8,68.3333,52.52,62,62,10.74,KZ,2022-05-06 00:22:29
324,Dickinson,29.4608,-95.0513,84.13,79,75,14.97,US,2022-05-06 00:22:29
325,Yulara,-25.2406,130.9889,57.04,41,24,13.8,AU,2022-05-06 00:18:54
326,Tambura,5.6,27.4667,70.52,90,99,2.53,SS,2022-05-06 00:22:30
327,Stutterheim,-32.5708,27.424,60.89,36,0,7.18,ZA,2022-05-06 00:22:30
328,Olga,43.7444,135.2892,58.73,58,67,10.98,RU,2022-05-06 00:20:14
329,Manavalakurichi,8.1333,77.3,81.25,84,100,7.94,IN,2022-05-06 00:22:31
330,Sechura,-5.5569,-80.8222,69.87,73,90,16.78,PE,2022-05-06 00:22:31
331,Corinto,37.9407,22.9573,57.42,72,7,1.45,GR,2022-05-06 00:22:32
332,Mizdah,31.4451,12.9801,73.06,19,84,9.22,LY,2022-05-06 00:22:32
333,Whitianga,-36.8333,175.7,65.89,63,48,3.67,NZ,2022-05-06 00:21:51
334,George,-33.963,22.4617,51.35,100,75,5.75,ZA,2022-05-06 00:22:33
335,Kropotkin,45.4375,40.5756,50.59,98,100,13.4,RU,2022-05-06 00:22:33
336,Coronado,32.6859,-117.1831,85.95,72,40,14.97,US,2022-05-06 00:22:34
337,Sorland,67.667,12.6934,40.84,77,100,25.95,NO,2022-05-06 00:22:34
338,Puerto Carreno,6.189,-67.4859,80.78,79,82,6.44,CO,2022-05-06 00:22:34
339,Santa Marinella,42.0345,11.8536,60.55,88,100,10.76,IT,2022-05-06 00:22:35
340,Klaksvik,62.2266,-6.589,49.12,96,100,23.51,FO,2022-05-06 00:21:23
341,Marolambo,-20.05,48.1167,65.52,89,65,2.39,MG,2022-05-06 00:22:35
342,Visnes,59.3556,5.2242,49.21,76,100,11.5,NO,2022-05-06 00:22:36
343,Bobrov,51.0961,40.0333,36.93,68,58,6.4,RU,2022-05-06 00:22:36
344,Mecca,21.4267,39.8261,81.32,48,0,4.85,SA,2022-05-06 00:17:37
345,Pisco,-13.7,-76.2167,64.45,82,0,16.11,PE,2022-05-06 00:21:59
346,Luwuk,-0.9516,122.7875,83.3,75,99,1.99,ID,2022-05-06 00:22:37
347,Boden,65.8252,21.6886,35.6,86,26,6.13,SE,2022-05-06 00:22:37
348,Leningradskiy,69.3833,178.4167,21.24,90,66,6.53,RU,2022-05-06 00:22:38
349,Buraydah,26.326,43.975,82.85,24,1,7.56,SA,2022-05-06 00:22:20
350,Shaowu,27.3409,117.4831,71.4,66,64,2.37,CN,2022-05-06 00:22:38
351,Harper,4.375,-7.7169,80.98,84,91,6.29,LR,2022-05-06 00:22:39
352,Seoul,37.5683,126.9778,69.37,56,20,5.75,KR,2022-05-06 00:17:48
353,Faya,18.3851,42.4509,64.92,38,55,2.93,SA,2022-05-06 00:19:33
354,Jijiang,29.2906,106.2542,79.36,70,99,3.09,CN,2022-05-06 00:22:39
355,Yablonovo,50.8523,37.3574,37.65,72,0,6.78,RU,2022-05-06 00:22:40
356,Nishihara,26.1842,127.7558,74.48,95,100,6.91,JP,2022-05-06 00:22:40
357,Tessalit,20.1986,1.0114,91.24,15,100,16.44,ML,2022-05-06 00:22:41
358,Kahuta,33.5913,73.3868,72.84,45,0,6.82,PK,2022-05-06 00:22:41
359,Berbera,10.4396,45.0143,84.61,75,9,6.42,SO,2022-05-06 00:22:42
360,Acapulco,16.8634,-99.8901,84.02,70,75,9.22,MX,2022-05-06 00:19:29
361,Smirnykh,49.75,142.8333,42.19,92,100,5.95,RU,2022-05-06 00:23:42
362,Ranong,9.9658,98.6348,76.93,91,95,3.98,TH,2022-05-06 00:23:43
363,Darasun,51.6667,114.0,37.72,31,9,12.28,RU,2022-05-06 00:23:43
364,Pachino,36.7186,15.0907,61.86,80,75,9.4,IT,2022-05-06 00:23:43
365,San Andres,12.5847,-81.7006,80.62,89,75,8.05,CO,2022-05-06 00:23:44
366,Tsukumi,33.0706,131.8572,62.08,81,100,9.75,JP,2022-05-06 00:23:44
367,Invermere,50.5167,-116.0354,56.43,71,100,6.46,CA,2022-05-06 00:23:45
368,Roebourne,-20.7833,117.1333,74.19,39,0,21.63,AU,2022-05-06 00:23:45
369,Beyneu,45.3167,55.2,66.83,27,99,15.66,KZ,2022-05-06 00:23:46
370,Makakilo City,21.3469,-158.0858,82.72,57,75,17.27,US,2022-05-06 00:19:45
371,Gobabis,-22.45,18.9667,56.39,43,0,11.01,NA,2022-05-06 00:23:46
372,Khovu-Aksy,51.1333,93.6,42.93,43,85,1.25,RU,2022-05-06 00:23:47
373,Fergus Falls,46.283,-96.0776,61.16,59,0,10.36,US,2022-05-06 00:23:47
374,High Level,58.5169,-117.136,59.11,44,75,0.0,CA,2022-05-06 00:23:48
375,Tahoua,14.8888,5.2692,87.78,45,98,11.5,NE,2022-05-06 00:23:48
376,Mandalgovi,45.7625,106.2708,38.89,39,51,12.53,MN,2022-05-06 00:23:49
377,Lokosovo,61.1333,74.8167,34.09,97,100,10.96,RU,2022-05-06 00:21:27
378,Orje,59.4802,11.6602,40.35,93,17,1.12,NO,2022-05-06 00:23:49
379,San Jose,37.3394,-121.895,74.68,35,100,18.41,US,2022-05-06 00:23:28
380,Omboue,-1.5746,9.2618,77.67,93,100,4.12,GA,2022-05-06 00:23:50
381,Atambua,-9.1061,124.8925,79.3,71,33,3.31,ID,2022-05-06 00:23:50
382,Jishou,28.3167,109.7167,71.58,74,96,1.48,CN,2022-05-06 00:23:51
383,Kysyl-Syr,63.8986,122.7617,32.61,82,73,3.69,RU,2022-05-06 00:23:51
384,Quang Ngai,15.1167,108.8,77.95,86,87,3.22,VN,2022-05-06 00:22:26
385,Lugoba,-6.45,38.3333,67.42,98,40,3.56,TZ,2022-05-06 00:23:52
386,Rodeo,38.033,-122.2669,72.28,58,0,11.01,US,2022-05-06 00:23:52
387,Mantua,45.1667,10.7833,56.98,90,100,10.0,IT,2022-05-06 00:23:53
388,Henties Bay,-22.116,14.2845,65.17,64,0,6.17,NA,2022-05-06 00:23:53
389,Walvis Bay,-22.9575,14.5053,60.1,77,0,3.44,NA,2022-05-06 00:23:54
390,Socorro,31.6546,-106.3033,85.91,7,0,11.5,US,2022-05-06 00:23:54
391,Balaipungut,1.05,101.2833,76.03,96,81,3.6,ID,2022-05-06 00:20:19
392,Komsomolskiy,40.4272,71.7189,61.52,77,57,6.91,UZ,2022-05-06 00:23:55
393,Bereda,43.2686,-7.5406,50.58,93,48,5.12,ES,2022-05-06 00:19:05
394,Sambava,-14.2667,50.1667,72.25,86,12,8.66,MG,2022-05-06 00:23:56
395,Araouane,18.9048,-3.5265,89.15,22,97,7.45,ML,2022-05-06 00:22:02
396,Cairns,-16.9167,145.7667,86.11,70,75,10.36,AU,2022-05-06 00:23:56
397,Santiago,-33.4569,-70.6483,70.99,42,6,8.05,CL,2022-05-06 00:23:56
398,Mapiri,-15.25,-68.1667,66.47,87,26,1.1,BO,2022-05-06 00:23:57
399,Ewa Beach,21.3156,-158.0072,84.15,57,75,17.27,US,2022-05-06 00:23:58
400,Daigo,36.7667,140.35,68.79,61,63,7.23,JP,2022-05-06 00:23:58
401,Necochea,-38.5473,-58.7368,56.62,69,86,10.27,AR,2022-05-06 00:23:58
402,Kijang,35.2442,129.2139,67.73,62,0,2.53,KR,2022-05-06 00:23:59
403,Mount Gambier,-37.8333,140.7667,53.92,81,56,9.01,AU,2022-05-06 00:20:11
404,Svetlogorsk,52.6333,29.7333,39.4,74,43,6.8,BY,2022-05-06 00:21:41
405,Igrim,63.1906,64.4162,23.34,97,87,2.98,RU,2022-05-06 00:24:00
406,Dhidhdhoo,6.8833,73.1,83.16,74,100,7.27,MV,2022-05-06 00:24:00
407,Struthers,41.0526,-80.6078,63.7,73,100,3.44,US,2022-05-06 00:24:01
408,Taltal,-25.4,-70.4833,63.32,80,98,3.11,CL,2022-05-06 00:20:32
409,Moose Factory,51.2585,-80.6094,28.4,80,100,8.05,CA,2022-05-06 00:25:01
410,Frontera,26.9333,-101.45,91.27,33,0,15.41,MX,2022-05-06 00:25:02
411,Tateyama,34.9833,139.8667,66.47,72,100,6.38,JP,2022-05-06 00:25:02
412,Asola,45.2211,10.4136,57.0,93,100,14.47,IT,2022-05-06 00:25:03
413,Champerico,14.3,-91.9167,86.54,73,100,5.08,GT,2022-05-06 00:25:03
414,Kingman,35.1894,-114.053,87.28,8,0,20.71,US,2022-05-06 00:25:04
415,Yegros,-26.45,-56.4,59.95,96,13,3.27,PY,2022-05-06 00:25:04
416,Pahrump,36.2083,-115.9839,92.25,8,40,10.0,US,2022-05-06 00:25:05
417,Oskaloosa,41.2964,-92.6444,58.98,77,100,12.66,US,2022-05-06 00:21:12
418,Cukai,4.25,103.4167,78.75,89,100,3.11,MY,2022-05-06 00:25:05
419,Shitanjing,39.2342,106.3439,55.99,30,93,4.81,CN,2022-05-06 00:25:06
420,Tocache,-8.1842,-76.5125,70.61,98,87,1.07,PE,2022-05-06 00:25:06
421,Rio Gallegos,-51.6226,-69.2181,50.05,43,75,32.21,AR,2022-05-06 00:25:07
422,Gushikawa,26.3544,127.8686,74.43,100,75,6.91,JP,2022-05-06 00:25:07
423,Newcastle,-32.9272,151.7765,65.71,54,20,9.22,AU,2022-05-06 00:25:08
424,Pala,9.3642,14.9046,83.59,48,94,6.38,TD,2022-05-06 00:25:08
425,Sao Raimundo Das Mangabeiras,-7.0219,-45.4811,77.74,71,66,3.51,BR,2022-05-06 00:25:09
426,Luchegorsk,46.4764,134.2569,59.31,61,100,16.2,RU,2022-05-06 00:25:09
427,Dunedin,-45.8742,170.5036,64.8,62,63,5.01,NZ,2022-05-06 00:24:46
428,San Juan,-31.5375,-68.5364,64.74,34,35,6.51,AR,2022-05-06 00:20:42
429,Ouadda,8.0777,22.4007,69.66,90,97,3.36,CF,2022-05-06 00:25:10
430,Alaverdi,41.0977,44.6732,45.75,94,57,3.49,AM,2022-05-06 00:25:11
431,Ust-Kuyga,70.0167,135.6,23.02,81,100,3.96,RU,2022-05-06 00:23:32
432,Kangaatsiaq,68.3065,-53.4641,15.84,91,13,5.86,GL,2022-05-06 00:25:11
433,Bulgan,48.8125,103.5347,37.36,37,100,5.26,MN,2022-05-06 00:21:52
434,Itabira,-19.6192,-43.2269,63.79,95,34,2.75,BR,2022-05-06 00:25:12
435,Letnyaya Stavka,45.4306,43.4472,50.22,97,100,14.9,RU,2022-05-06 00:25:13
436,Upington,-28.4478,21.2561,55.78,54,0,2.3,ZA,2022-05-06 00:25:13
437,Pombas,17.1503,-25.0201,69.58,79,41,9.17,CV,2022-05-06 00:25:14
438,Andenes,69.3143,16.1194,40.98,75,40,39.12,NO,2022-05-06 00:25:14
439,Betsiamites,48.9413,-68.646,41.09,66,90,9.35,CA,2022-05-06 00:25:15
440,Saint-Francois,46.4154,3.9054,47.68,93,0,2.3,FR,2022-05-06 00:25:15
441,Mityana,0.4175,32.0228,61.47,99,36,1.52,UG,2022-05-06 00:25:15
442,Banyo,6.75,11.8167,66.31,97,100,3.09,CM,2022-05-06 00:25:16
443,Praia,14.9215,-23.5087,70.34,83,0,14.97,CV,2022-05-06 00:25:16
444,Ciudad Bolivar,8.1222,-63.5497,86.0,58,99,13.0,VE,2022-05-06 00:25:17
445,Poopo,-18.3667,-66.9667,46.89,24,0,3.71,BO,2022-05-06 00:25:17
446,Vostok,46.4856,135.8833,61.88,47,94,11.18,RU,2022-05-06 00:25:17
447,Slavutych,51.5196,30.7343,40.12,71,50,6.06,UA,2022-05-06 00:25:18
448,Sobolevo,54.4299,31.8996,38.46,72,98,6.69,RU,2022-05-06 00:25:18
449,Vrangel,42.7297,133.0839,51.21,80,84,7.18,RU,2022-05-06 00:25:19
450,Botshabelo,-29.2702,26.7052,42.17,47,0,1.86,ZA,2022-05-06 00:25:19
451,Hami,42.8,93.45,74.43,25,95,7.23,CN,2022-05-06 00:25:20
452,Jetafe,10.1472,124.1539,86.0,76,85,9.73,PH,2022-05-06 00:25:20
453,Ilulissat,69.2167,-51.1,24.82,54,0,9.22,GL,2022-05-06 00:22:48
454,Puerto Escondido,15.85,-97.0667,81.43,74,0,6.91,MX,2022-05-06 00:20:33
455,Semnan,35.5729,53.3971,67.05,45,51,0.63,IR,2022-05-06 00:26:21
456,Soubre,5.7856,-6.6083,74.84,96,91,2.44,CI,2022-05-06 00:26:22
457,Noyabrsk,63.1994,75.4507,24.1,80,100,10.83,RU,2022-05-06 00:24:44
458,Jose De Freitas,-4.7564,-42.5756,77.95,92,41,4.5,BR,2022-05-06 00:26:22
459,Ahipara,-35.1667,173.1667,68.4,58,18,6.02,NZ,2022-05-06 00:23:43
460,Sistranda,63.7256,8.834,44.56,83,98,12.57,NO,2022-05-06 00:26:23
461,Porto Novo,6.4965,2.6036,82.22,82,99,8.05,BJ,2022-05-06 00:26:23
462,Ende,-8.8432,121.6623,81.05,82,37,0.74,ID,2022-05-06 00:26:24
463,Miri,4.4148,114.0089,84.34,89,20,2.3,MY,2022-05-06 00:26:24
464,Starkville,33.4504,-88.8184,80.26,81,75,0.0,US,2022-05-06 00:26:25
465,Bandarbeyla,9.4942,50.8122,80.13,91,7,10.09,SO,2022-05-06 00:26:25
466,Havelock,34.8791,-76.9013,71.55,88,100,5.75,US,2022-05-06 00:26:26
467,Zhezkazgan,47.8043,67.7144,55.71,67,1,6.69,KZ,2022-05-06 00:22:35
468,Bardiyah,31.7561,25.0865,61.16,79,0,5.01,LY,2022-05-06 00:26:26
469,Qandala,11.472,49.8728,86.14,53,1,2.01,SO,2022-05-06 00:26:27
470,Belaya Gora,68.5333,146.4167,31.8,100,100,8.84,RU,2022-05-06 00:26:27
471,Lata,40.1629,-8.3327,57.07,84,2,0.92,PT,2022-05-06 00:26:28
472,Saint-Augustin,51.226,-58.6502,39.02,67,93,9.22,CA,2022-05-06 00:26:28
473,Nantucket,41.2835,-70.0995,53.71,81,0,6.91,US,2022-05-06 00:26:29
474,Biharamulo,-2.6319,31.3089,60.57,94,43,1.86,TZ,2022-05-06 00:26:29
475,Rawson,-43.3002,-65.1023,60.53,54,59,11.1,AR,2022-05-06 00:26:30
476,Grand Gaube,-20.0064,57.6608,75.38,85,27,8.99,MU,2022-05-06 00:26:30
477,Antofagasta,-23.65,-70.4,60.08,80,56,3.62,CL,2022-05-06 00:26:03
478,Dabakala,8.3667,-4.4333,76.14,84,88,4.7,CI,2022-05-06 00:26:31
479,Jiexiu,37.0244,111.9125,73.0,35,77,7.85,CN,2022-05-06 00:26:31
480,Constitucion,-35.3333,-72.4167,55.45,88,58,9.08,CL,2022-05-06 00:26:31
481,Brigantine,39.4101,-74.3646,57.4,79,0,6.91,US,2022-05-06 00:22:31
482,Hokitika,-42.7167,170.9667,61.38,73,1,3.06,NZ,2022-05-06 00:26:32
483,Majene,-3.5403,118.9707,81.34,81,76,2.64,ID,2022-05-06 00:26:33
484,Belyy Yar,53.6039,91.3903,40.89,56,0,4.47,RU,2022-05-06 00:26:33
485,Storslett,69.7678,21.0247,41.0,60,100,5.75,NO,2022-05-06 00:26:33
486,Sola,-13.8833,167.55,86.67,74,75,0.0,VU,2022-05-06 00:26:34
487,Buy,58.4786,41.53,34.81,66,82,6.73,RU,2022-05-06 00:26:34
488,Bandundu,-3.3167,17.3667,75.38,85,97,0.63,CD,2022-05-06 00:26:35
489,Honningsvag,70.9821,25.9704,37.15,87,100,14.97,NO,2022-05-06 00:26:35
490,Colares,38.7992,-9.4469,62.76,66,2,5.99,PT,2022-05-06 00:26:36
491,Palatka,29.6486,-81.6376,84.83,55,62,4.07,US,2022-05-06 00:26:36
492,Eenhana,-17.4667,16.3333,59.25,49,3,6.78,NA,2022-05-06 00:26:37
493,Palmer,42.1584,-72.3287,62.2,44,100,2.77,US,2022-05-06 00:26:37
494,Plettenberg Bay,-34.0527,23.3716,61.79,72,9,5.39,ZA,2022-05-06 00:26:38
495,Xichang,27.8964,102.2634,62.29,74,98,1.5,CN,2022-05-06 00:26:38
496,Lastoursville,-0.8143,12.7287,73.29,99,100,1.16,GA,2022-05-06 00:26:39
497,Bansi,27.1833,82.9333,78.33,62,0,5.48,IN,2022-05-06 00:26:39
498,Monte Alegre,-2.0078,-54.0692,76.26,91,34,3.58,BR,2022-05-06 00:27:40
499,Comodoro Rivadavia,-45.8667,-67.5,57.06,30,0,24.16,AR,2022-05-06 00:26:58
500,Kodinsk,58.6881,99.1844,39.0,58,69,5.57,RU,2022-05-06 00:27:40
501,Uyuni,-20.4597,-66.825,45.7,21,1,3.62,BO,2022-05-06 00:27:41
502,Pauini,-7.7136,-66.9764,73.96,86,89,1.77,BR,2022-05-06 00:27:41
503,Qurayyat,31.3318,37.3428,55.58,67,0,9.22,SA,2022-05-06 00:27:42
504,Paoua,7.2427,16.4406,69.4,90,100,5.08,CF,2022-05-06 00:27:42
505,Christchurch,-43.5333,172.6333,66.99,55,4,3.44,NZ,2022-05-06 00:25:52
506,Baiyin,36.5583,104.2081,61.48,40,17,7.36,CN,2022-05-06 00:27:43
507,Alice Springs,-23.7,133.8833,54.95,44,1,16.11,AU,2022-05-06 00:23:54
508,Olinda,-8.0089,-34.8553,82.13,78,40,8.05,BR,2022-05-06 00:27:43
509,Lattes,43.5675,3.9046,59.05,59,0,3.44,FR,2022-05-06 00:27:43
510,Udachnyy,66.4167,112.4,39.45,69,100,9.95,RU,2022-05-06 00:27:44
511,Kuldur,49.2167,131.6333,44.2,97,100,8.81,RU,2022-05-06 00:27:44
512,Wanning,18.8003,110.3967,77.13,91,79,4.41,CN,2022-05-06 00:27:45
513,Fort Frances,48.5999,-93.4003,66.42,24,0,8.05,CA,2022-05-06 00:27:45
514,Wukari,7.85,9.7833,75.65,87,100,1.57,NG,2022-05-06 00:27:46
515,Cookeville,36.1628,-85.5016,74.21,96,75,0.0,US,2022-05-06 00:27:46
516,Chico,39.7285,-121.8375,75.94,35,75,23.02,US,2022-05-06 00:24:30
517,Lanquin,15.5667,-89.9667,83.93,90,91,2.08,GT,2022-05-06 00:27:47
518,Camrose,53.0168,-112.8353,69.93,25,100,11.92,CA,2022-05-06 00:27:47
519,Hambantota,6.1241,81.1185,79.14,100,20,4.61,LK,2022-05-06 00:27:48
520,Yar-Sale,66.8333,70.8333,17.47,80,43,13.04,RU,2022-05-06 00:27:48
521,Buala,-8.145,159.5921,85.75,66,37,8.01,SB,2022-05-06 00:27:49
522,Baracoa,20.3467,-74.4958,77.34,87,64,2.13,CU,2022-05-06 00:27:49
523,Merauke,-8.4667,140.3333,82.71,73,49,10.85,ID,2022-05-06 00:27:49
524,Matagami,49.7502,-77.6328,35.71,51,0,8.05,CA,2022-05-06 00:27:50
525,Camana,-16.6228,-72.7111,67.66,86,7,7.74,PE,2022-05-06 00:27:50
526,Sawakin,19.1059,37.3321,80.55,64,26,10.31,SD,2022-05-06 00:27:51
527,West Plains,36.7281,-91.8524,61.63,99,20,11.99,US,2022-05-06 00:27:51
528,La Spezia,44.1105,9.8434,56.07,89,100,6.87,IT,2022-05-06 00:27:52
529,Morgantown,39.6295,-79.9559,65.5,67,75,8.05,US,2022-05-06 00:27:19
530,Inverness,57.4791,-4.224,56.98,80,100,24.16,GB,2022-05-06 00:27:52
531,Kralendijk,12.15,-68.2667,80.58,78,75,18.41,BQ,2022-05-06 00:27:53
532,Aksay,47.26,39.87,54.25,56,100,11.99,RU,2022-05-06 00:27:53
533,Tomatlan,19.9333,-105.25,84.38,45,16,9.06,MX,2022-05-06 00:27:54
534,Axim,4.8699,-2.2405,80.49,85,83,5.28,GH,2022-05-06 00:27:54
535,Boyolangu,-8.1181,111.8935,78.01,89,51,1.07,ID,2022-05-06 00:27:54
536,Rochegda,62.8,43.25,24.04,98,27,2.1,RU,2022-05-06 00:27:55
537,Antalaha,-14.9003,50.2788,71.98,89,13,6.26,MG,2022-05-06 00:27:55
538,Kamaishi,39.2667,141.8833,63.97,60,3,10.33,JP,2022-05-06 00:27:56
539,Northam,51.0333,-4.2167,51.62,89,54,4.52,GB,2022-05-06 00:27:56
540,Penzance,50.1186,-5.5371,52.48,88,65,8.14,GB,2022-05-06 00:27:56
541,Miles City,46.4083,-105.8406,74.37,31,0,6.91,US,2022-05-06 00:27:57
542,Koygorodok,60.445,50.9968,27.84,82,29,5.55,RU,2022-05-06 00:28:57
543,Coahuayana,18.7333,-103.6833,82.02,61,36,6.24,MX,2022-05-06 00:28:58
544,Okhotsk,59.3833,143.3,32.13,94,99,7.49,RU,2022-05-06 00:28:58
545,Lam Luk Ka,13.9323,100.7494,87.01,82,20,2.3,TH,2022-05-06 00:28:59
546,Rutland,43.6167,-73.0162,52.39,78,100,3.71,US,2022-05-06 00:25:14
547,Caravelas,-17.7125,-39.2481,79.65,80,0,12.53,BR,2022-05-06 00:28:59
548,Zalantun,48.0,122.7167,45.72,49,100,17.92,CN,2022-05-06 00:29:00
549,Nemuro,43.3236,145.575,43.75,90,13,11.23,JP,2022-05-06 00:29:00
550,Xiamen,24.4798,118.0819,75.25,64,0,2.24,CN,2022-05-06 00:29:01
551,Devonport,-41.1667,146.35,53.1,89,100,1.36,AU,2022-05-06 00:29:01
552,Athabasca,54.7169,-113.2854,68.41,52,99,13.38,CA,2022-05-06 00:29:01
553,Buritizeiro,-17.3511,-44.9622,71.58,77,54,4.99,BR,2022-05-06 00:29:02
554,Whitehorse,60.7161,-135.0538,50.09,29,75,11.5,CA,2022-05-06 00:29:02
555,Ahero,-0.1746,34.9163,67.19,89,86,3.74,KE,2022-05-06 00:29:03
556,Touros,-5.1989,-35.4608,77.32,91,100,10.09,BR,2022-05-06 00:29:03
557,Zadar,44.1197,15.2422,57.81,94,75,5.75,HR,2022-05-06 00:29:04
558,Karoi,-16.8099,29.6925,57.79,87,31,3.42,ZW,2022-05-06 00:29:04
559,Topolobampo,25.6,-109.05,80.51,47,0,13.8,MX,2022-05-06 00:29:04
